company_name,cik,accession,form_type,file_date,period,file_num,industry_group,offering_amount,sold_amount,keywords_found,linkedin,website,email
"Outsquare MD, INC  (CIK 0002125208)",2125208,0002125208-26-000006,D,2026-04-20,,021-581075,Other Technology,5000000.0,110095.0,[],,https://outsquaremd.com/,info@outsquaremd.com
"ASHOC Beverage, LLC  (CIK 0001906483)",1906483,0001906483-26-000004,D,2026-04-20,,021-581127,Retailing,,10035540.0,[],,https://ashoc.com/,
"Equipmate, Inc  (CIK 0002129756)",2129756,0002129756-26-000001,D,2026-04-20,,021-581114,Computers,,66000.0,[],,https://www.equipmate.org,info@equipmate.org
Hidden Ventures LLC  (CIK 0002126103),2126103,0002126103-26-000001,D,2026-04-20,,020-37010,,75000.0,,[],https://www.linkedin.com/company/hidden-ventures,https://hddn.vc/,ben@hddn.vc
Madrona Distilling Inc  (CIK 0002121812),2121812,0002121812-26-000001,D,2026-04-20,,020-37009,,50000.0,,[],,https://madronadistillery.com/,sales@madronadistillery.com
"DEBIT MY DATA, INC.  (CIK 0002035300)",2035300,0002035300-26-000002,D,2026-04-20,,021-522475,Computers,2488000.0,2458000.0,[],https://www.linkedin.com/company/debitmydata,http://www.debitmydata.com,info@debitmydata.com
"Snazzy Beverages, Inc.  (CIK 0002065224)",2065224,0002065224-26-000003,D,2026-04-20,,020-36996,,50000.0,,[],https://www.linkedin.com/company/snazzy-beverages,https://www.snazzybeverages.com/,
Orthios Innovations LLC  (CIK 0002052134),2052134,0002052134-26-000004,D,2026-04-20,,021-581052,Other Technology,840000.0,505000.0,[],https://www.linkedin.com/company/orthios-innovations-llc,https://orthiosinnovations.com/,Radelson@orthiosinnovations.com
BCI Innovations LLC  (CIK 0002118288),2118288,0002118288-26-000001,D,2026-04-20,,021-581028,Other Technology,8500000.0,0.0,[],,https://bci-innovations.net/,will@bci-innovations.net
"Tarpon Health, Inc.  (CIK 0002130238)",2130238,0002130238-26-000002,D,2026-04-20,,021-581156,Other Health Care,2100000.0,1950000.0,[],https://www.linkedin.com/company/tarpon-health,https://www.tarponhealth.com/,info@tarpon-health.com
"Hatchcares, Inc.  (CIK 0002128213)",2128213,0002128213-26-000001,D,2026-04-20,,021-581159,Other Health Care,5000000.0,1000000.0,[],https://www.linkedin.com/company/hatchcare,https://www.hatchcare.com/,contact@hatchcare.com
"Ciphero AI Technologies, Inc.  (CIK 0002084004)",2084004,0002084004-26-000001,D,2026-04-20,,021-581096,Other Technology,3250000.0,3250000.0,[],,https://ciphero.ai/,contact@ciphero.ai
Pranos Inc  (CIK 0001855821),1855821,0001855821-26-000001,D,2026-04-20,,020-28693,,50000.0,,[],,https://pranos.ai,support@pranos.ai
"Serenity for Life, LLC  (CIK 0002098936)",2098936,0002098936-26-000001,D,2026-04-20,,021-581019,Other Health Care,1500000.0,0.0,[],https://www.linkedin.com/company/serenity-for-life-llc,https://www.serenityforlife.org/,info@serenityforlife.org
"Siftwell Analytics, Inc.  (CIK 0001926185)",1926185,0001926185-26-000003,D,2026-04-21,,021-581323,Other Technology,104025.0,104025.0,[],https://www.linkedin.com/company/siftwell,https://siftwell.ai/,
BFREE Africa Inc.  (CIK 0001946090),1946090,0001946090-26-000001,D,2026-04-21,,021-581220,Other Technology,3154499.0,3154499.0,[],https://www.linkedin.com/company/bfree-africa-inc,https://www.bfree.africa,hello@bfree.africa
Harmony Turbines Inc  (CIK 0001822078),1822078,0001822078-26-000005,D,2026-04-21,,020-36402,,50000.0,,[],https://www.linkedin.com/company/harmonyturbines,https://harmonyturbines.com/,support@HarmonyTurbines.com
"PHIN SECURITY, INC.  (CIK 0002018716)",2018716,0002018716-26-000004,D,2026-04-21,,021-581324,Other Technology,5974999.0,5974999.0,[],https://www.linkedin.com/company/phin-security,https://www.phinsecurity.com/,support@phinsecurity.com
"Pearl Diagnostics, Inc.  (CIK 0001922830)",1922830,0001922830-26-000003,D,2026-04-21,,021-581278,Biotechnology,11150000.0,11150000.0,[],https://www.linkedin.com/company/pearl-diagnostics,https://pearldx.com,info@pearldx.com
"goBU, Inc.  (CIK 0002125346)",2125346,0002125346-26-000001,D,2026-04-21,,021-581189,Other Health Care,1500000.0,600000.0,[],https://www.linkedin.com/company/gobuai,https://gobu.ai/,
SATO Technologies Corp.  (CIK 0002129108),2129108,0002129108-26-000001,D,2026-04-21,,021-581273,Computers,,519464.0,[],https://ca.linkedin.com/company/satocorp,https://www.bysato.com/,j-d@bysato.com
Avivomed Inc.  (CIK 0001893991),1893991,0001893991-26-000003,D,2026-04-21,,021-581292,Biotechnology,12000000.0,5000000.0,[],https://www.linkedin.com/company/avivomed/,https://avivomed.com/,info@avivomed.com
"G2Mint, Inc.  (CIK 0001979313)",1979313,0001979313-26-000003,D,2026-04-21,,021-555507,Other Technology,6100000.0,2100000.0,[],https://www.linkedin.com/company/g2mint,https://g2mint.com/,info@g2mint.com
"Loki Robotics, Inc.  (CIK 0002130373)",2130373,0002130373-26-000001,D,2026-04-21,,021-581222,Other Technology,11824995.0,11824995.0,[],https://www.linkedin.com/company/loki-robotics,https://lokirobotics.co/,
"Quel Health, Inc.  (CIK 0002128803)",2128803,0002128803-26-000002,D,2026-04-21,,021-581215,Other Health Care,,55000.0,[],,https://www.quellohealth.com/,info@quellohealth.com
"Langan Engineering, Environmental, Surveying, Landscape Architecture & Geology, D.P.C.  (CIK 0002006529)",2006529,0002006529-26-000003,D,2026-04-21,,021-581336,Environmental Services,4850125.0,4850125.0,[],https://www.linkedin.com/company/langan-engineering-environmental-services,http://www.langan.com,info@langan.com
"Slips Technologies, Inc.  (CIK 0002094511)",2094511,0002094511-26-000001,D,2026-04-21,,021-581313,Other Technology,4000000.0,700000.0,[],,https://www.slipstechnologies.com/,info@slipstechnologies.com
"CargoSense, Inc.  (CIK 0001651345)",1651345,0001651345-26-000004,D,2026-04-21,,021-581263,Other Technology,12611861.0,5611861.0,[],https://www.linkedin.com/company/cargosense,https://www.cargosense.com,info@cargosense.com
"Real Vault, Inc.  (CIK 0002123647)",2123647,0002123647-26-000002,D,2026-04-21,,021-581206,Other Technology,12090494.0,12090494.0,[],,https://vaultinc.co.uk,enquiries@vaultinc.co.uk
"Emission Free Generators, Inc.  (CIK 0001927507)",1927507,0001927507-26-000001,D,2026-04-21,,020-34143,,50000.0,,[],,https://emissionfreegenerators.com,info@emissionfreegenerators.com
"IQ121, Inc.  (CIK 0002112898)",2112898,0002112898-26-000001,D,2026-04-21,,020-37013,,100000.0,,[],,https://iq121.com/,support@iq121.com
"Autonomous Cyber, Inc.  (CIK 0002065345)",2065345,0002065345-26-000001,D,2026-04-21,,021-581294,Other Technology,6000000.0,2550000.0,[],https://www.linkedin.com/company/autonomous-cyber,https://www.acyber.com/,jobs@autonomouscyberco.com
Nivalon Medical Technologies Inc.  (CIK 0002125125),2125125,0002125125-26-000001,D,2026-04-21,,021-581279,Other Technology,1000000.0,150000.0,[],,https://www.nivalonmedical.com/,contactus@nivalonmedical.com
DIASPO TECHNOLOGIES INC  (CIK 0002131168),2131168,0002131168-26-000002,D,2026-04-22,,021-581354,Retailing,125000.0,85000.0,[],https://www.linkedin.com/company/diaspo,https://www.diaspo.io,service-client@diaspo.io
"Qb Enterprises, LLC  (CIK 0002130427)",2130427,0002130427-26-000001,D,2026-04-22,,021-581508,Other Health Care,4000000.0,0.0,[],,https://www.qbenterprisellc.net/,
"Lorica Security, Inc.  (CIK 0002081254)",2081254,0002081254-26-000003,D,2026-04-22,,021-581510,Other Technology,,150000.0,[],,https://www.loricasecurity.com/,info@loricasecurity.com
"Symmatrics, Inc.  (CIK 0002032081)",2032081,0002032081-26-000003,D,2026-04-22,,021-535675,Other Technology,17659318.0,11748971.0,[],https://www.linkedin.com/company/symmatrics,https://www.symmatrics.com,support@symmatrics.com
"NovaSolix, Inc.  (CIK 0001643656)",1643656,0001643656-26-000004,D,2026-04-22,,021-530319,Other Technology,9000000.0,3935000.0,[],https://www.linkedin.com/company/novasolix,https://www.novasolix.com/,info@novasolix.com
"GO Fitness, Inc.  (CIK 0001819585)",1819585,0001819585-26-000003,D,2026-04-22,,021-581357,Retailing,87128.0,87128.0,[],,https://gosleeves.com,support@gosleeves.com
"APX Security, Inc.  (CIK 0002124821)",2124821,0002124821-26-000001,D,2026-04-22,,021-581459,Other Technology,500000.0,375000.0,[],,https://www.apxsecuritygroup.com/,Office@APXSecurityGroup.com
Visor Health Inc.  (CIK 0002087088),2087088,0002087088-26-000003,D,2026-04-22,,021-581420,Biotechnology,3000000.0,0.0,[],https://www.linkedin.com/company/visor-health,https://visor.health/,support@visor.health
RefluxRaft Corp  (CIK 0002129778),2129778,0002129778-26-000001,D,2026-04-22,,021-581492,Retailing,345000.0,0.0,[],https://www.linkedin.com/company/refluxraft,https://refluxraft.com/,hello@refluxraft.com
"Tetrous, Inc.  (CIK 0002002357)",2002357,0002002357-26-000001,D,2026-04-22,,021-581356,Biotechnology,4000000.0,1741024.0,[],https://www.linkedin.com/company/tetrous,https://tetrous.com,bpatt@tetrous.com
"Foundation Alloy Technology Explorations, Inc.  (CIK 0001930073)",1930073,0001930073-26-000003,D,2026-04-22,,021-581408,Other Technology,21999999.0,19999988.0,[],https://www.linkedin.com/company/foundationalloy,https://www.foundationalloy.com/,contact@foundationalloy.com
Moodsonic Technologies Inc  (CIK 0002086596),2086596,0002086596-26-000001,D,2026-04-22,,021-581402,Other Technology,,330000.0,[],,https://www.moodsonic.com/,info@moodsonic.com
Langan Management Aggregator LLC  (CIK 0002006524),2006524,0002006524-26-000004,D,2026-04-22,,021-581340,Environmental Services,4389660.0,4389660.0,[],,https://www.langan.com/,
Corami Biotech Inc.  (CIK 0002042505),2042505,0002042505-26-000003,D,2026-04-22,,021-581503,Biotechnology,1000000.0,230000.0,[],https://www.linkedin.com/company/coramibio,https://www.coramibio.com/,info@coramibio.com
HOSTED AI INC  (CIK 0002128700),2128700,0002128700-26-000001,D,2026-04-22,,021-581452,Other Technology,18673998.0,18673998.0,[],https://www.linkedin.com/company/hostedai,https://hosted.ai,info@hosted.ai
"Contractor Plus, Inc.  (CIK 0001862675)",1862675,0001862675-26-000004,D,2026-04-22,,021-517561,Other Technology,5000000.0,105000.0,[],https://www.linkedin.com/company/contractor%27s-plus-inc.,http://www.contractorsplusinc.com,info@contractorsplusinc.com
"Kairos Water, Inc.  (CIK 0002131374)",2131374,0002131374-26-000001,D,2026-04-22,,021-581464,Other Technology,4999995.0,1599960.0,[],https://www.linkedin.com/company/kairoswater,https://www.kairoswater.io,info@kairoswater.io
"SUNation Energy, Inc.  (SUNE)  (CIK 0000022701)",22701,0000022701-26-000004,D,2026-04-22,,021-581403,Other Energy,1200000.0,1200000.0,[],https://www.linkedin.com/company/sunation-energy,http://sunation.com,info@sunation.com
"Outhad AI, Inc.  (CIK 0002125104)",2125104,0002125104-26-000001,D,2026-04-22,,021-581376,Other Technology,210000.0,210000.0,[],,https://outhad.com,
"Smartweave, Inc.  (CIK 0002095527)",2095527,0002095527-26-000002,D,2026-04-22,,020-36698,,51000.0,,[],https://www.linkedin.com/company/smartweaveinc,https://www.smartweave.xyz,hello@smartweave.xyz
orgn.dev Inc  (CIK 0002131378),2131378,0002131378-26-000001,D,2026-04-22,,021-581509,Other Technology,1500000.0,1500000.0,[],,https://orgn.dev/,wahid@input.global
"RAY ALLEN, INC.  (CIK 0002129373)",2129373,0002129373-26-000001,D,2026-04-22,,021-581428,Other Technology,5870000.0,4000000.0,[],https://www.linkedin.com/company/ray-allen-inc/,https://www.rayalleninc.com,contact@raioam.com
"InfiniCell Energy, Inc.  (CIK 0002082162)",2082162,0002082162-26-000002,D,2026-04-23,,020-36285,,50000.0,,[],https://www.linkedin.com/company/infinicell,,
"Aaru, Inc.  (CIK 0002111770)",2111770,0002111770-26-000001,D,2026-04-23,,021-581522,Other Technology,7960000.0,7960000.0,[],https://www.linkedin.com/company/aaru-ai,https://aaru.com,info@aaru.com
"FINFUEGO, INC.  (CIK 0002123939)",2123939,0002123939-26-000002,D,2026-04-23,,021-581634,Other Technology,530000.0,495000.0,[],https://www.linkedin.com/company/finfuego,https://finfuego.com,
"Adela, Inc.  (CIK 0001852167)",1852167,0001852167-26-000001,D,2026-04-23,,021-581637,Biotechnology,5000000.0,5000000.0,[],https://www.linkedin.com/company/adela-inc,https://www.adelabio.com,info@adelabio.com
Rentberry Inc.  (CIK 0001657493),1657493,0001657493-26-000005,D,2026-04-23,,020-37021,,74999.0,,[],https://www.linkedin.com/company/rentberry,https://rentberry.com,support@rentberry.com
"Gameway, Inc.  (CIK 0001731539)",1731539,0001731539-26-000002,D,2026-04-23,,021-517702,Other Technology,2000010.0,1114370.0,[],https://www.linkedin.com/company/airport-gameway,http://www.gameway.gg,contact@airportgameway.com
"Focused Cryo, Inc  (CIK 0001835523)",1835523,0001835523-26-000003,D,2026-04-23,,021-581628,Other Health Care,10000000.0,8873601.0,[],https://www.linkedin.com/company/focusedcryo,https://www.focusedcryo.com/,info@focusedcryo.com
Helio Corp /FL/  (HLEO)  (CIK 0001953988),1953988,0001953988-26-000001,D,2026-04-23,,021-581632,Other Technology,220000.0,218000.0,[],,http://helio.space,
Special Leaf llc  (CIK 0002125927),2125927,0002125927-26-000001,D,2026-04-23,,020-37020,,50000.0,,[],,https://www.specialleaf.com,chris@specialleaf.com
Immersed Inc.  (CIK 0001817417),1817417,0001817417-26-000005,D,2026-04-23,,021-581664,Other Technology,,150000.0,[],https://www.linkedin.com/company/immersed,https://invest.immersed.com,
"Selva Nexus, Inc.  (CIK 0002130905)",2130905,0002130905-26-000001,D,2026-04-23,,021-581589,Biotechnology,750000.0,50000.0,[],,https://www.selvallc.com/,contact@sea.selvallc.com
Splint Factory Corp.  (CIK 0002131418),2131418,0002131418-26-000001,D,2026-04-23,,021-581591,Other Technology,500000.0,50000.0,[],,https://splintfactory.com,
Treelink Technologies  (CIK 0002094225),2094225,0002094225-26-000001,D,2026-04-23,,020-36567,,50000.0,,[],https://www.linkedin.com/company/truelink-technologies,https://www.truelinktechnologies.com,info@truelinktechnologies.com
"Platform Golf, Ltd.  (CIK 0002128177)",2128177,0002128177-26-000001,D,2026-04-23,,021-581666,Other Technology,7500000.0,7500000.0,[],https://www.linkedin.com/company/platformgolfbrand,https://platformgolf.com/,info@platformgolf.com
"ObscureCore, Inc.  (CIK 0002131193)",2131193,0002131193-26-000001,D,2026-04-23,,021-581679,Other Technology,,200000.0,[],,https://obscurecore.com,
"Funk Harbor Spirits, Inc.  (CIK 0002090076)",2090076,0002090076-26-000001,D,2026-04-23,,020-37022,,75000.0,,[],,https://funkharborspirits.com/,orders@funkharborspirits.com
Automated Water Machines Inc d/b/a Kadeya  (CIK 0002090508),2090508,0002090508-26-000002,D,2026-04-23,,021-565707,Retailing,9557027.0,9132027.0,[],https://www.linkedin.com/company/kadeya,https://www.kadeya.com/,hello@kadeya.com
InfraSight Software Corp  (CIK 0001731695),1731695,0001731695-26-000002,D,2026-04-23,,021-546676,Other Technology,2500000.0,1035000.0,[],https://www.linkedin.com/company/infrasight-software,https://www.infrasight.software/,info@infrasightsoftware.com
Evress Inc.  (CIK 0002129507),2129507,0002129507-26-000001,D,2026-04-23,,021-581678,Other Technology,11661749.0,7260214.0,[],https://www.linkedin.com/company/evress,https://evress.com/,
"everee, inc.  (CIK 0001775687)",1775687,0001775687-26-000003,D,2026-04-23,,021-581649,Other Technology,7499997.0,4499984.0,[],https://www.linkedin.com/company/everee-pay,https://www.everee.com,support@everee.com
"Matrix Analytics, Inc.  (CIK 0001655242)",1655242,0001655242-26-000003,D,2026-04-23,,021-581665,Other Health Care,1999998.0,1999998.0,[],https://www.linkedin.com/company/matrix-analytics-corporation,https://portal.matrixanalytics.co/MATRiX/,info@matrixanalytics.co
"Greensea Systems, Inc.  (CIK 0002073388)",2073388,0002073388-26-000001,D,2026-04-23,,021-549249,Other Technology,18701909.0,18701909.0,[],https://www.linkedin.com/company/greensea-systems-inc,https://www.greenseainc.com,info@greenseainc.com
Ai.Fish Inc.  (CIK 0002130431),2130431,0002130431-26-000001,D,2026-04-24,,021-581845,Other Technology,2500000.0,600000.0,[],https://www.linkedin.com/company/ai-fish,https://www.ai.fish/,contact@ai.fish
InfiniMind Inc.  (CIK 0002131838),2131838,0002131838-26-000001,D,2026-04-24,,021-581851,Other Technology,5803850.0,5803850.0,[],https://jp.linkedin.com/company/infinimind-inc,https://infinimind.io,
"Lani Quantum Solutions, Inc.  (CIK 0002128671)",2128671,0002128671-26-000001,D,2026-04-24,,021-581709,Computers,10000000.0,70000.0,[],,https://lani.run,
Intelligent Games LLC  (CIK 0002130242),2130242,0002130242-26-000001,D,2026-04-24,,021-581847,Other Technology,5000000.0,100000.0,[],,https://www.intelligent-games.net/,
Citra Space Corp  (CIK 0002130482),2130482,0002130482-26-000001,D,2026-04-24,,021-581827,Other Technology,14999969.0,11494971.0,[],https://www.linkedin.com/company/citra-space,https://citra.space,support@citra.space
Moon Five Technologies  (CIK 0002127289),2127289,0002127289-26-000001,D,2026-04-24,,020-37024,,110000.0,,[],https://www.linkedin.com/company/moon-five,https://www.moonfive.tech,info@moonfive.tech
Onnyx Systems Corp  (CIK 0002130538),2130538,0002130538-26-000002,D,2026-04-24,,021-581703,Other Technology,1500000.0,485000.0,[],https://www.linkedin.com/company/onnyx-systems,https://www.onnyx.systems/,contact@onnyx.systems
"Concept Medical, Inc.  (CIK 0002108675)",2108675,0002108675-26-000002,D,2026-04-24,,021-581716,Other Health Care,75000.0,75000.0,[],https://www.linkedin.com/company/conceptmedicals,https://www.conceptmedical.com/,contact@conceptmedical.com
OpenOrigins Inc  (CIK 0002131720),2131720,0002131720-26-000001,D,2026-04-24,,021-581723,Other Technology,17200000.0,17200000.0,[],https://www.linkedin.com/company/openorigins,https://openorigins.com/,hi@openorigins.com
UTIX INC  (CIK 0002082165),2082165,0002082165-26-000001,D,2026-04-24,,020-36310,,50000.0,,[],https://www.linkedin.com/company/utx-inc,http://U-T-X.com,
Philosophers Stoneground Inc  (CIK 0001918689),1918689,0001918689-26-000004,D,2026-04-24,,020-35615,,50000.0,,[],https://www.linkedin.com/company/philosopherfoods,https://www.philosopherfoods.com,info@philosopherfoods.com
Promptiva Health Inc.  (CIK 0002129418),2129418,0002129418-26-000001,D,2026-04-24,,021-581701,Other Technology,650000.0,539700.0,[],https://www.linkedin.com/company/promptiva-health,https://www.promptivahealth.com/,
Neuro-Kinesis Corp  (CIK 0001814194),1814194,0001814194-26-000003,D,2026-04-24,,021-581815,Biotechnology,2000000.0,51000.0,[],,https://neuro-kinesis.com/,info@neuro-kinesis.com
KuliPay Inc.  (CIK 0002131644),2131644,0002131644-26-000001,D,2026-04-24,,021-581819,Other Technology,6358470.0,3358471.0,[],https://id.linkedin.com/company/kulipa-inc,https://www.kulipa.xyz,
"ThetaRho, Inc.  (CIK 0001991470)",1991470,0001991470-26-000001,D,2026-04-24,,021-545219,Computers,1500000.0,750000.0,[],,https://thetarho.ai,info@thetarho.ai
Flower and Twine LLC  (CIK 0002127883),2127883,0002127883-26-000001,D,2026-04-27,,020-37035,,50000.0,,[],,https://flowerandtwine.com/,hello@flowerandtwine.com
"HUSTLR, INC.  (CIK 0002082171)",2082171,0002082171-26-000001,D,2026-04-27,,020-36657,,50000.0,,[],,https://www.huslrworldwide.com,huslrwordwide@gmail.com
FeenX Inc  (CIK 0002118814),2118814,0002118814-26-000001,D,2026-04-27,,021-581953,Other Health Care,2000000.0,151500.0,[],https://www.linkedin.com/company/feenx-incorporated,,
"NK-One Therapeutics, Inc.  (CIK 0002127553)",2127553,0002127553-26-000001,D,2026-04-27,,021-581982,Biotechnology,310000.0,290000.0,[],,https://nk1thera.com/,
"COWBOY CLEAN FUELS, LLC  (CIK 0001904601)",1904601,0001904601-26-000001,D,2026-04-27,,021-560892,Other Energy,6012897.0,5977897.0,[],https://www.linkedin.com/company/cowboy-clean-fuels,https://cowboycleanfuels.com/,
"Adronite, Inc.  (CIK 0001978246)",1978246,0001978246-26-000002,D,2026-04-27,,021-581981,Other Technology,3400000.0,3400000.0,[],https://www.linkedin.com/company/adronite,http://www.adronite.com,
CGB Green Liberty Notes LLC  (CIK 0001896328),1896328,0001896328-26-000007,D,2026-04-27,,020-36988,,50000.0,,[],https://www.linkedin.com/company/cgb-green-liberty-notes-llc,https://www.greenlibertynotes.com,
"Covera Health, Inc.  (CIK 0001722373)",1722373,0001722373-26-000003,D,2026-04-27,,021-581975,Other Health Care,30777609.0,20000000.0,[],https://www.linkedin.com/company/covera-health,https://www.coverahealth.com,recruiting@coverahealth.com
"Eagle Cathedral City, LLC  (CIK 0002095531)",2095531,0002095531-26-000003,D,2026-04-27,,020-36580,,50000.0,,[],,https://www.eaglebarcc.com/,
Fureelz Inc.  (CIK 0002126177),2126177,0002126177-26-000001,D,2026-04-27,,020-37028,,150000.0,,[],https://www.linkedin.com/company/fureelz,https://fureelz.com/,partners@fureelz.com
"IntriEnergy, Inc.  (CIK 0001861448)",1861448,0001861448-26-000007,D,2026-04-27,,021-472962,Other Energy,8000000.0,488000.0,[],https://www.linkedin.com/company/intrienergy/,https://www.intrienergy.com,info@intrienergy.com
OpenWav Inc.  (CIK 0002131358),2131358,0002131358-26-000001,D,2026-04-27,,021-581931,Other Technology,6000000.0,2200000.0,[],https://www.linkedin.com/company/openwav,http://www.openwav.ai,info@openwav.ai
Totem Inc  (CIK 0002097979),2097979,0002097979-26-000001,D,2026-04-27,,020-36655,,50000.0,,[],https://www.linkedin.com/company/totemlabs,https://www.totemlabs.com,tribe@totemlabs.com
"Huxley Medical, Inc.  (CIK 0001869701)",1869701,0001869701-26-000002,D,2026-04-27,,021-581923,Other Health Care,3000000.0,2774482.0,[],https://www.linkedin.com/company/huxley-medical-inc,https://huxleymed.com/,info@huxleymed.com
Huajian Data Ltd  (CIK 0002105589),2105589,0002105589-26-000002,D,2026-04-27,,021-570209,Other Technology,5000000.0,0.0,[],,https://www.huajianal.com/,info@huajian-al.com
"Beauty Way, LLC  (CIK 0002130092)",2130092,0002130092-26-000001,D,2026-04-27,,021-581968,Retailing,175000.0,175000.0,[],https://www.linkedin.com/company/beauty-way,https://www.beautyway.biz,info@beautyway.biz
"Nuclein, LLC  (CIK 0001787352)",1787352,0001787352-26-000002,D,2026-04-27,,021-550329,Biotechnology,25000000.0,19065157.0,[],https://www.linkedin.com/company/nucleindx,https://www.nuclein.com/,info@nuclein.com
SKAI INNOVATIONS INC.  (CIK 0002130869),2130869,0002130869-26-000001,D,2026-04-27,,021-581879,Other Technology,600000.0,150000.0,[],https://www.linkedin.com/company/skai-innovations,https://jeshawinnovations.com,sales@jeshawinnovations.com
"Green Compass, LLC  (CIK 0002011653)",2011653,0002011653-26-000003,D,2026-04-27,,020-37026,,50000.0,,[],,https://www.greencompassllc.com,info@greencompassllc.com
Long Beach Mushrooms Corp.  (CIK 0002129220),2129220,0002129220-26-000001,D,2026-04-27,,020-37029,,75000.0,,[],,https://www.longbeachmushrooms.com/,longbeachmushrooms@gmail.com
xMentium Inc.  (CIK 0001807538),1807538,0001807538-26-000006,D,2026-04-27,,021-581958,Other Technology,3300000.0,2500000.0,[],https://www.linkedin.com/company/xmentium,https://xmentium.com/,
Rejuvenate Bio Inc  (CIK 0001859067),1859067,0001859067-26-000003,D,2026-04-28,,020-37037,,50000.0,,[],https://www.linkedin.com/company/rejuvenate-bio,https://rejuvenatebio.com,info@rejuvenatebio.com
"Marble, Inc.  (CIK 0002132009)",2132009,0002132009-26-000001,D,2026-04-28,,021-582044,Other Technology,19999916.0,14408702.0,[],https://www.linkedin.com/company/marble,https://marble.com,customerservice@marble.com
"Neopenda, PBC  (CIK 0001751635)",1751635,0001751635-26-000002,D,2026-04-28,,020-35789,,50000.0,,[],https://www.linkedin.com/company/neopenda,https://www.neopenda.com,info@neopenda.com
"ARBIS.AI, Inc.  (CIK 0002127452)",2127452,0002127452-26-000001,D,2026-04-28,,021-582052,Other Technology,1000000.0,380000.0,[],https://www.linkedin.com/company/arbis-ai-inc,https://www.arbis.ai/,info@arbis.ai
"Azure Printed Homes, Inc.  (CIK 0001930002)",1930002,0001930002-26-000008,D,2026-04-28,,020-36870,,50000.0,,[],https://www.linkedin.com/company/azure-printed-homes,https://www.azureprintedhomes.com,info@azureprintedhomes.com
Myosana Therapeutics Inc.  (CIK 0001955277),1955277,0001955277-26-000001,D,2026-04-28,,020-36574,,50000.0,,[],https://www.linkedin.com/company/myosana-therapeutics-inc,http://www.myosanatherapeutics.com,info@myosanatherapeutics.com
"ShowdMe, Inc.  (CIK 0002002331)",2002331,0002002331-26-000004,D,2026-04-28,,021-582079,Other Technology,1000000.0,1000000.0,[],https://www.linkedin.com/company/showd-me,https://www.showd.me,info@showd.me
"Tomorrows Laundry, Co.  (CIK 0002090998)",2090998,0002090998-26-000001,D,2026-04-28,,020-36702,,50000.0,,[],,https://www.tomorrowslaundry.co,info@tomorrowslaundry.co
ReelArt Media LLC  (CIK 0002129873),2129873,0002129873-26-000001,D,2026-04-28,,020-37038,,50000.0,,[],,https://www.reelartmedia.com/,info@reelartmedia.com
"Unsmudgeable, Inc.  (CIK 0002054776)",2054776,0002054776-26-000002,D,2026-04-28,,020-35696,,50000.0,,[],,https://www.unsmudgeable.com,
"Lungpacer Medical, Inc.  (CIK 0001708893)",1708893,0001708893-26-000002,D,2026-04-28,,021-582107,Other Health Care,20000000.0,12000000.0,[],https://www.linkedin.com/company/lungpacer-medical,https://lungpacer.com,info@lungpacer.com
"Toetal Solutions, Inc.  (CIK 0001888204)",1888204,0001888204-26-000001,D,2026-04-28,,021-582112,Other Health Care,100000.0,100000.0,[],https://www.linkedin.com/company/toetal-solutions/,https://toetal-solutions.com,
"Custodia AI, Inc  (CIK 0002131995)",2131995,0002131995-26-000001,D,2026-04-28,,021-582081,Other Technology,7201042.0,7201042.0,[],https://www.linkedin.com/company/custodia.ai,https://www.custodia.ai,info@custodia.ai
Care Access PBC  (CIK 0002079655),2079655,0002079655-26-000003,D,2026-04-28,,020-36561,,50000.0,,[],https://www.linkedin.com/company/careaccesspbc,https://careaccesspbc.com/,
REtokens USA Inc.  (CIK 0001993844),1993844,0001993844-26-000001,D,2026-04-28,,020-36693,,50000.0,,[],https://www.linkedin.com/company/retokens,https://retokens.com/,info@retokens.com
ArkHAUS Inc  (CIK 0001910977),1910977,0001910977-26-000004,D,2026-04-28,,020-36878,,50000.0,,[],https://www.linkedin.com/company/arkhausclub,https://arkhaus.club/,hello@arkhaus.club
Food Supply Security LLC  (CIK 0002117018),2117018,0002117018-26-000001,D,2026-04-28,,021-582124,Other Technology,1000000.0,1000000.0,[],https://www.linkedin.com/company/food-supply-inc-,https://www.foodsupply.com,info@foodsupply.com
"CHN Analytics, LLC  (CIK 0002069165)",2069165,0002069165-26-000001,D,2026-04-29,,021-582240,Other Technology,500000.0,50000.0,[],,https://chn.webflow.io/,
"Tibaray, Inc.  (CIK 0002064856)",2064856,0002064856-26-000002,D,2026-04-29,,020-36876,,50000.0,,[],,https://www.tibaray.com/,info@tibaray.com
"Cresilon, Inc.  (CIK 0001728054)",1728054,0001728054-26-000001,D,2026-04-29,,021-582305,Biotechnology,25000000.0,4997000.0,[],https://www.linkedin.com/company/cresilon,https://cresilon.com/,info@cresilon.com
"Savohub Technologies, Ltd  (CIK 0002132498)",2132498,0002132498-26-000001,D,2026-04-29,,021-582236,Other Technology,1000000.0,0.0,[],,https://savohub.com/,info@savohub.com
"SafeBets.world, Inc.  (CIK 0002132469)",2132469,0002132469-26-000001,D,2026-04-29,,021-582193,Other Technology,2500000.0,1143360.0,[],,https://safebets.world/,
"Scalestack, Inc.  (CIK 0002132327)",2132327,0002132327-26-000001,D,2026-04-29,,021-582182,Other Technology,3000000.0,3000000.0,[],https://www.linkedin.com/company/scalestackhq,https://scalestack.ai,info@scalestack.ai
"Playcast, Inc.  (CIK 0001965770)",1965770,0001965770-26-000001,D,2026-04-29,,021-582309,Other Technology,3000000.0,2000000.0,[],https://www.linkedin.com/company/playcastio,https://playcast.io,kate@playcast.io
"Biomakers, Inc.  (CIK 0002010983)",2010983,0002010983-26-000002,D,2026-04-29,,021-504946,Biotechnology,7999999.0,5901147.0,[],https://www.linkedin.com/company/biomakers,https://biomakers.net/,contacto@biomakers.net
Gripable Ltd  (CIK 0002128042),2128042,0002128042-26-000001,D,2026-04-29,,021-582246,Other Health Care,3370000.0,2700000.0,[],https://uk.linkedin.com/company/gripable,https://gripable.co,info@gripable.co
Saara Intelligence Corp.  (CIK 0002131887),2131887,0002131887-26-000001,D,2026-04-29,,021-582157,Other Technology,450000.0,335000.0,[],https://www.linkedin.com/company/saara-inc,https://saara.io,hr@saara.io
"Koios Medical, Inc.  (CIK 0001764417)",1764417,0001764417-26-000004,D,2026-04-29,,020-36682,,50001.25,,[],https://www.linkedin.com/company/koiosmedical,https://koiosmedical.com/,info@koiosmedical.com
Curiouser.AI Inc  (CIK 0002101918),2101918,0002101918-26-000001,D,2026-04-29,,020-36703,,50000.0,,[],https://www.linkedin.com/company/curiouser-ai,https://curiouser.ai,info@curiouser.ai
Titan OS Inc  (CIK 0002132032),2132032,0002132032-26-000001,D,2026-04-29,,021-582268,Other Technology,3000000.0,1000000.0,[],https://si.linkedin.com/company/titanos,https://www.titanos.tv/,support@titanos.tv
"Clover Biopharmaceuticals, Ltd.  (CBPHF)  (CIK 0001856491)",1856491,0001856491-26-000003,D,2026-04-29,,021-582300,Biotechnology,3642978.0,3642978.0,[],,https://cloverbiopharma.com/,jiang.pu@cloverbiopharma.com
"Merge Base, Inc.  (CIK 0002132454)",2132454,0002132454-26-000001,D,2026-04-29,,021-582223,Computers,200000.0,0.0,[],,https://mergebase.com/,investors@mergebase.com
"Faxo, Inc.  (CIK 0002093271)",2093271,0002093271-26-000001,D,2026-04-29,,020-36560,,50000.0,,[],https://www.linkedin.com/company/faxo-inc-,https://faxo.com,support@faxo.com
Freeland Spirits LLC  (CIK 0001743321),1743321,0001743321-26-000001,D,2026-04-29,,020-36701,,50000.0,,[],https://www.linkedin.com/company/freeland-spirits,https://freelandspirits.com,info@freelandspirits.com
"Knack Technologies, Inc.  (CIK 0001680087)",1680087,0001680087-26-000005,D,2026-04-29,,021-582271,Other Technology,4792136.0,4792136.0,[],,https://www.knacktechnology.com/,info@knacktechnology.com
"LiftWave, Inc.  (CIK 0001808819)",1808819,0001808819-26-000004,D,2026-04-30,,020-36978,,50000.0,,[],,https://www.riserobotics.com,email@riserobotics.com
Epic Global Innovations Inc.  (CIK 0002099264),2099264,0002099264-26-000001,D,2026-04-30,,020-36699,,50000.0,,[],https://www.linkedin.com/company/epic-global-inc,https://www.epicglobalinc.com,
"LiquidX, Inc.  (CIK 0001759495)",1759495,0001759495-26-000001,D,2026-04-30,,021-582500,Other Technology,5715400.0,3493178.0,[],https://www.linkedin.com/company/liquidx-inc,http://www.liquidx.com,
HEVO Inc.  (CIK 0001587317),1587317,0001587317-26-000002,D,2026-04-30,,020-36450,,50000.0,,[],https://www.linkedin.com/company/hevo-inc-,https://hevo.com/,hello@hevo.com
"AurellaAI, Inc.  (CIK 0002131889)",2131889,0002131889-26-000001,D,2026-04-30,,021-582461,Other Technology,250000.0,250000.0,[],https://www.linkedin.com/company/aurelicai,https://www.aurelicai.com,
"Fusion Energy Solutions, Inc.  (CIK 0001779623)",1779623,0001779623-26-000001,D,2026-04-30,,021-582488,Other Technology,,371030.0,[],,https://fusionenergy.solutions,ian@fusionesinc.com
"Finless Foods, Inc  (CIK 0002113210)",2113210,0002113210-26-000001,D,2026-04-30,,020-37043,,75000.0,,[],https://www.linkedin.com/company/finlessfoods,https://finlessfoods.com/,
"Genesis New Ventures, LLC  (CIK 0001937493)",1937493,0001937493-26-000001,D,2026-04-30,,021-544749,Biotechnology,6500000.0,4227939.0,[],,https://genesisnewventures.com/,
"EarliTec Diagnostics, Inc.  (CIK 0001911356)",1911356,0001911356-26-000003,D,2026-04-30,,021-582351,Other Health Care,7000000.0,3500000.0,[],,https://earlitecdx.com,info@earlitecdx.com
"Luminous Robotics, Inc.  (CIK 0002080868)",2080868,0002080868-26-000001,D,2026-04-30,,021-582395,Other Technology,2000000.0,1280000.0,[],https://www.linkedin.com/company/luminous-robotics,https://www.luminousrobotics.com/,info@luminousrobotics.com
"GelMEDIX, Inc.  (CIK 0001815624)",1815624,0001815624-26-000003,D,2026-04-30,,021-560746,Biotechnology,2500000.0,747000.0,[],https://www.linkedin.com/company/gelmedix,https://www.gelmedix.com/,info@gelmedix.com
"Fresenius Medical Care Northern Lancaster, LLC  (CIK 0002132279)",2132279,0002132279-26-000001,D,2026-04-30,,021-582426,Other Health Care,4584414.0,4584414.0,[],https://www.linkedin.com/company/freseniusmedicalcare,http://www.freseniusmedicalcare.com,media@freseniusmedicalcare.com
"Windlift, Inc  (CIK 0002076751)",2076751,0002076751-26-000001,D,2026-04-30,,020-36189,,50000.0,,[],https://www.linkedin.com/company/windlift,https://windlift.com,info@windlift.com
"T4F, Inc.  (CIK 0002132612)",2132612,0002132612-26-000001,D,2026-04-30,,021-582457,Other Technology,1238200.0,238200.0,[],https://in.linkedin.com/company/t4f-entertainment-supports,http://www.t4f.info,sac@ticketsforfun.com.br
"Finzly, Inc.  (CIK 0001999250)",1999250,0001999250-26-000004,D,2026-04-30,,021-582497,Other Technology,6000000.0,6000000.0,[],https://www.linkedin.com/company/finzly,https://finzly.com/,sales@finzly.com
"UNIFYING SPIRITS, LLC  (CIK 0001887037)",1887037,0001887037-26-000002,D,2026-04-30,,020-37048,,50000.0,,[],,https://unifyingspirits.com/,
"NameCoach, Inc.  (CIK 0001647116)",1647116,0001647116-26-000003,D,2026-04-30,,020-35743,,50000.0,,[],https://www.linkedin.com/company/namecoach,https://name-coach.com,info@name-coach.com
SOULMATE BREWING Co  (CIK 0001808460),1808460,0001808460-26-000001,D,2026-04-30,,020-36610,,50004.0,,[],,https://www.soulmatebrewing.com/,info@soulmatebrewing.com
"AeroDominance, Inc.  (CIK 0002129987)",2129987,0002129987-26-000001,D,2026-04-30,,021-582414,Other Technology,7500000.0,7500000.0,[],,https://aerodominance.com,
"Avawatz Company, Inc  (CIK 0001893890)",1893890,0001893890-26-000005,D,2026-04-30,,020-35138,,50001.0,,[],https://www.linkedin.com/company/avawatz,https://avawatz.com/,
Power Hero Corp.  (CIK 0001963969),1963969,0001963969-26-000001,D,2026-04-30,,020-36126,,50000.0,,[],https://www.linkedin.com/company/powerhero,http://www.powerhero.com,
Ace Padel LA Partners LLC  (CIK 0002132448),2132448,0002132448-26-000001,D,2026-04-30,,021-582329,Retailing,5000000.0,200000.0,[],https://www.linkedin.com/company/ace-padel,https://acepadel.com/,elliot@acepadel.com
HICH Inc.  (CIK 0002053995),2053995,0002053995-26-000005,D,2026-04-30,,020-36956,,50000.0,,[],https://www.linkedin.com/company/hichapp,https://hich.global,[email protected]
Green Bridge Corp  (CIK 0002088395),2088395,0002088395-26-000003,D,2026-04-30,,020-37047,,450000.0,,[],https://www.linkedin.com/company/green-bridge-corp,http://www.greenbridge.energy,
BOSS Startup Science Inc.  (CIK 0002077302),2077302,0002077302-26-000004,D,2026-04-30,,020-36752,,50000.0,,[],https://www.linkedin.com/company/boss-startup-science,https://www.startupscience.io/,privacy@startupscience.io
Epi Labs Inc.  (CIK 0002131877),2131877,0002131877-26-000001,D,2026-04-30,,021-582353,Biotechnology,16149989.0,14849996.0,[],,https://www.epiclabs.io,info@epiclabs.io
Jahpoo Outdoors Ltd  (CIK 0002131492),2131492,0002131492-26-000001,D,2026-04-30,,021-582385,Retailing,2000000.0,100000.0,[],,https://www.jahpoo.com,info@jahpoo.com
BuildSync Inc  (CIK 0002127029),2127029,0002127029-26-000001,D,2026-04-30,,021-582360,Other Technology,,226000.0,[],https://www.linkedin.com/company/buildsync,http://www.buildsync.ai/,support@buildsync.ai
"Solsten, Inc.  (CIK 0002093811)",2093811,0002093811-26-000007,D,2026-05-01,,020-36908,,50000.0,,[],https://www.linkedin.com/company/getsolsten,https://solsten.io/,legal@solsten.io
"Circadian Health, Inc.  (CIK 0002123603)",2123603,0002123603-26-000002,D,2026-05-01,,021-582593,Other Health Care,12000000.0,8780909.0,[],https://www.linkedin.com/company/circadian-health,https://circadian.com,info@circadian.com
ISLAND Co RUM INC  (CIK 0001891649),1891649,0001891649-26-000004,D,2026-05-01,,020-35799,,50000.0,,[],,https://www.islandcompanyrum.com,info@islandcompanyrum.com
Persefoni AI Inc.  (CIK 0001858523),1858523,0001858523-26-000003,D,2026-05-01,,021-582615,Other Technology,4349962.0,4349962.0,[],https://www.linkedin.com/company/persefoni,https://www.persefoni.com/,
"MAGIC FIND STUDIOS, INC.  (CIK 0002129006)",2129006,0002129006-26-000001,D,2026-05-01,,021-582626,Other Technology,10000000.0,2999999.0,[],,https://www.magicfindstudios.com/,info@magicfindstudios.com
Lumida Inc  (CIK 0002098128),2098128,0002098128-26-000002,D,2026-05-01,,020-36985,,74998.3,,[],https://www.linkedin.com/company/lumidawealth/,https://www.lumida.com,info@lumida.com
"Cosmetic Physician Partners, LLC  (CIK 0001897259)",1897259,0001897259-26-000010,D,2026-05-01,,021-582611,Other Health Care,261445.0,0.0,[],https://www.linkedin.com/company/cosmetic-physician-partners,https://cosmeticphysicianpartners.com/,[email protected]
"NeuroGeneces, Inc.  (CIK 0001716111)",1716111,0001716111-26-000006,D,2026-05-01,,021-582588,Other Health Care,750000.0,425000.0,[],https://www.linkedin.com/company/neurogeneces,https://neurogeneces.com/,support@neurogeneces.com
"KONSTRUCTIQ, INC.  (CIK 0001989361)",1989361,0001989361-26-000003,D,2026-05-01,,021-582529,Other Technology,6001856.0,4783106.0,[],https://www.linkedin.com/company/konstructiq,https://konstructiq.com,support@konstructiq.com
Haevek Inc.  (CIK 0002132888),2132888,0002132888-26-000001,D,2026-05-01,,021-582613,Other Technology,6730356.0,6410317.0,[],https://www.linkedin.com/company/haevek,https://haevek.com/,info@haevek.com
"Eyas Medical Imaging, Inc.  (CIK 0001716894)",1716894,0001716894-26-000002,D,2026-05-01,,021-582564,Other Health Care,10000000.0,2200000.0,[],https://www.linkedin.com/company/eyas-medical-imaging,https://www.eyasmri.com/,jdoe@eyasmri.com
Home Works Inc.  (CIK 0002112930),2112930,0002112930-26-000003,D,2026-05-01,,020-36883,,50000.0,,[],https://www.linkedin.com/company/home-works-construction,http://homeworkshawaii.com/,info@homeworkshawaii.com
"UCSD Center for Surgery of Encinitas, L.P.  (CIK 0001842173)",1842173,0001842173-26-000001,D,2026-05-01,,021-582640,Other Health Care,943500.0,0.0,[],,https://centerforsurgeryencinitas.com/,
"AirMid Critical Care Products, Inc.  (CIK 0002128447)",2128447,0002128447-26-000001,D,2026-05-01,,021-582622,Other Health Care,2000000.0,102500.0,[],,http://airmidlife.com,
Caris Inc  (CIK 0002069055),2069055,0002069055-26-000002,D,2026-05-01,,021-582654,Other Energy,,338700.0,[],https://www.linkedin.com/company/caris-life-sciences,https://www.carislifesciences.com,
Metaintro Inc.  (CIK 0001938967),1938967,0001938967-26-000003,D,2026-05-01,,020-30833,,1000000.0,,[],https://www.linkedin.com/company/metaintro,https://www.metaintro.com,contact@metaintro.com
"TheShape Sensing Company, Inc.  (CIK 0001932867)",1932867,0001932867-26-000001,D,2026-05-01,,021-582515,Other Technology,2000000.0,100000.0,[],https://www.linkedin.com/company/the-shape-sensing-company,http://www.shapesensing.com,info@shapesensing.com
Arches Medical Independents LLC  (CIK 0002052001),2052001,0002052001-26-000002,D,2026-05-01,,021-582521,Other Health Care,5398585.0,5398585.0,[],https://www.linkedin.com/company/arches-medical-ipa,https://archesmd.com,info@archesmd.com
"VenoStent, Inc.  (CIK 0001734734)",1734734,0001734734-26-000003,D,2026-05-01,,021-582632,Other Health Care,10000000.0,10000000.0,[],https://www.linkedin.com/company/venostent,http://www.venostent.com,info@venostent.com
"Allbirds, Inc.  (BIRD)  (CIK 0001653909)",1653909,0001653909-26-000008,D,2026-05-01,,021-582516,Retailing,50000000.0,3250000.0,[],https://www.linkedin.com/company/allbirds,http://www.allbirds.com,help@allbirds.com
"DADOS Technology, Inc.  (CIK 0002132044)",2132044,0002132044-26-000001,D,2026-05-01,,021-582571,Other Technology,3298971.0,1513971.0,[],https://www.linkedin.com/company/dadostech,https://dadostech.com,info@dadostech.com
Haply Robotics inc.  (CIK 0002110922),2110922,0002110922-26-000002,D,2026-05-01,,021-582585,Other Technology,,3273494.0,[],,https://www.haply.co/,info@haply.co
VATOM Corp  (CIK 0001866011),1866011,0001866011-26-000002,D,2026-05-01,,020-35894,,50000.0,,[],https://www.linkedin.com/company/vatom,https://vatom.com/,
"Cognovi Labs, Inc.  (CIK 0001696081)",1696081,0001696081-26-000004,D,2026-04-30,,021-500381,Other Technology,7000000.0,6677212.0,[],https://www.linkedin.com/company/cognovi-labs,https://www.cognovilabs.com/,
"Qaimera Technologies, Inc.  (CIK 0002133230)",2133230,0002133230-26-000001,D,2026-05-04,,021-582692,Other Technology,600000.0,360000.0,[],,https://www.qaimera.com/,contact@qaimera.com
Alvee Health Inc.  (CIK 0002132348),2132348,0002132348-26-000001,D,2026-05-04,,021-582754,Other Health Care,2500023.0,2500023.0,[],https://www.linkedin.com/company/alveehealth,https://www.alvee.io/,
Swipe Savvy Inc.  (CIK 0002096035),2096035,0002096035-26-000004,D,2026-05-04,,021-582761,Other Technology,10000000.0,0.0,[],https://www.linkedin.com/company/swipe-savvy,https://swipesavvy.com/,support@swipesavvy.com
"TalesVision, Inc.  (CIK 0001991953)",1991953,0001991953-26-000002,D,2026-05-04,,021-582805,Other Technology,2000000.0,2000000.0,[],https://www.linkedin.com/company/talesvision,https://www.talesvision.com/,
"Clinware Solutions, Inc.  (CIK 0002069594)",2069594,0002069594-26-000001,D,2026-05-04,,021-547253,Computers,5500000.0,2000000.0,[],https://www.linkedin.com/company/clinware,https://clinware.com/,hello@clinware.com
"Lyzr, Inc.  (CIK 0001994140)",1994140,0001994140-26-000005,D,2026-05-04,,021-582770,Other Technology,10460986.0,10460986.0,[],,https://www.lyzr.ai/,contact@lyzr.ai
"Inflammasome Therapeutics, Inc.  (CIK 0001989925)",1989925,0001989925-26-000003,D,2026-05-04,,021-582798,Biotechnology,13155645.0,13155645.0,[],https://www.linkedin.com/company/inflammasome-therapeutics,https://www.inflam.com/,info@inflam.com
Midcon Magnesium  (CIK 0002133211),2133211,0002133211-26-000001,D,2026-05-04,,021-582663,Other Energy,2000000.0,150000.0,[],,,info@midconmgmt.com
Inforens Global Ltd  (CIK 0002065863),2065863,0002065863-26-000001,D,2026-05-04,,021-547258,Other Technology,1621402.0,168844.0,[],,https://www.inforens.com/,contact@inforens.com
Ferret Systems Inc.  (CIK 0002129277),2129277,0002129277-26-000001,D,2026-05-04,,021-582726,Other Technology,12000000.0,6799995.0,[],https://www.linkedin.com/company/ferret-inc/,https://www.ferretrollforming.com,
Moto Acquire LLC  (CIK 0002132217),2132217,0002132217-26-000001,D,2026-05-04,,021-582690,Other Technology,810000.0,810000.0,[],,https://www.motoacquire.com/,privacy@motoacquire.com
"Enveric Biosciences, Inc.  (ENVB)  (CIK 0000890821)",890821,0000890821-26-000002,D,2026-05-04,,021-582801,Biotechnology,5000002.0,5000002.0,[],https://www.linkedin.com/company/envericbio,https://www.enveric.com/,info@enveric.com
"RYP LABS, INC.  (CIK 0001726407)",1726407,0001726407-26-000002,D,2026-05-04,,021-582746,Other Technology,2000000.0,107500.0,[],https://www.linkedin.com/company/stixfresh,https://ryplabs.com,info@ryplabs.com
"melten.ai, Inc.  (CIK 0002127722)",2127722,0002127722-26-000001,D,2026-05-04,,021-582712,Other Technology,2199999.0,2199999.0,[],,https://melten.ai/,
"Aerial Resupply, LLC  (CIK 0001990477)",1990477,0001990477-26-000004,D,2026-05-04,,020-37051,,50000.0,,[],https://www.linkedin.com/company/aerial-resupply-coffee,https://www.aerialresupplycoffee.com,
"Origami Space Development, Inc.  (CIK 0002133118)",2133118,0002133118-26-000001,D,2026-05-04,,021-582800,Other Technology,220000.0,220000.0,[],https://www.linkedin.com/company/origamispace,https://www.origamispace.com/,info@origamispace.com
Vitro3d Inc  (CIK 0002022252),2022252,0002022252-26-000002,D,2026-05-04,,021-582808,Other Technology,2000000.0,1100000.0,[],,http://www.vitro3d.com,info@vitro3d.com
"Retropsoas Technologies, LLC  (CIK 0001798662)",1798662,0001798662-26-000001,D,2026-05-04,,021-536374,Other Health Care,4500000.0,3112500.0,[],,https://retropsoas.com,info@retropsoas.com
Sielo Robotics Inc.  (CIK 0002130453),2130453,0002130453-26-000001,D,2026-05-05,,021-582974,Other Technology,732000.0,243000.0,[],https://www.linkedin.com/company/sielorobotics,https://www.sielorobotics.com,[email protected]
Tokma Digital Corp  (CIK 0002133083),2133083,0002133083-26-000001,D,2026-05-05,,021-582876,Other Technology,240000.0,0.0,[],,https://tokmadigital.com/,
ProteinIQ Inc.  (CIK 0002132473),2132473,0002132473-26-000001,D,2026-05-05,,021-582892,Other Technology,475000.0,475000.0,[],https://www.linkedin.com/company/proteiniq,https://proteiniq.io/,support@proteiniq.io
"Parthion, LLC  (CIK 0002130818)",2130818,0002130818-26-000001,D,2026-05-05,,021-582866,Other Technology,1000000.0,300000.0,[],,https://www.parthion.ai,
"Alitheon, Inc.  (CIK 0001708239)",1708239,0001708239-26-000004,D,2026-05-05,,021-582910,Other Technology,8000000.0,8000000.0,[],https://www.linkedin.com/company/alitheon,https://www.alitheon.com,
"BrandCapsule, Inc.  (CIK 0002133259)",2133259,0002133259-26-000001,D,2026-05-05,,021-582839,Other Technology,56250.0,56250.0,[],,https://www.brandcapsule.io/,
"Zenprexi, Inc.  (CIK 0002129607)",2129607,0002129607-26-000001,D,2026-05-05,,021-582821,Computers,1500000.0,50000.0,[],,https://zenprexi.com/,info@zenprexi.com
4MINDSAI INC.  (CIK 0002042397),2042397,0002042397-26-000003,D,2026-05-05,,021-582912,Other Technology,29429965.0,5429998.0,[],https://www.linkedin.com/company/4mindsai,https://4minds.ai/,
"Levee Medical, Inc.  (CIK 0001877814)",1877814,0001877814-26-000002,D,2026-05-05,,021-563777,Other Health Care,12500000.0,12500000.0,[],https://www.linkedin.com/company/levee-medical-inc,https://www.leveemedical.com,info@leveemedical.com
Cloud Diagnostics Canada Inc.  (CIK 0002128915),2128915,0002128915-26-000001,D,2026-05-05,,021-582932,Other Health Care,578147.0,578147.0,[],,https://www.clouddx.com,
Vitanova Biomedical Inc.  (CIK 0002125206),2125206,0002125206-26-000002,D,2026-05-05,,021-582940,Biotechnology,8000000.0,0.0,[],https://www.linkedin.com/company/vitanova-biomedical,https://vitanovabiomedical.com,info@getvitanova.com
Avistar Technologies Inc.  (CIK 0002131842),2131842,0002131842-26-000001,D,2026-05-05,,021-582914,Other Technology,1000000.0,300000.0,[],,https://avistar.ai/,info@avistar.ai
Attestiv Inc.  (CIK 0001785995),1785995,0001785995-26-000003,D,2026-05-06,,021-583058,Other Technology,1000000.0,834000.0,[],https://www.linkedin.com/company/attestiv,https://www.attestiv.com,info@attestiv.com
"CarbonDrop, Inc.  (CIK 0001895123)",1895123,0001895123-26-000003,D,2026-05-06,,021-578642,Other Technology,19624984.0,19624984.0,[],https://www.linkedin.com/company/carbondrop,https://www.carbondrop.com/,
MedVector Corp  (CIK 0001820902),1820902,0001820902-26-000006,D,2026-05-06,,021-560988,Biotechnology,1100000.0,1005000.0,[],https://www.linkedin.com/company/medvector,https://www.medvector.com/,hello@medvector.com
Mitera Biosciences Inc.  (CIK 0002022224),2022224,0002022224-26-000001,D,2026-05-06,,021-583061,Biotechnology,3000000.0,1100000.0,[],https://www.linkedin.com/company/mitera-biosciences,https://www.miterabio.com/,
Autoimmunity Biologic Solutions Inc.  (CIK 0002045812),2045812,0002045812-26-000003,D,2026-05-06,,021-530214,Biotechnology,3209233.0,3209233.0,[],https://www.linkedin.com/company/autoimmunity-biosolutions,https://www.abstherapeutics.com/,
Fusion Fuel Green PLC  (HTOO)  (CIK 0001819794),1819794,0001819794-26-000003,D,2026-05-06,,021-583041,Other Energy,15000000.0,0.0,[],,https://www.fusion-fuel.eu,contact@fusion-fuel.eu
"Scalpel Ventures, LLC  (CIK 0001965382)",1965382,0001965382-26-000001,D,2026-05-06,,021-481010,Biotechnology,10000000.0,2586305.0,[],,https://scalpelventures.com/,contact@scalpelventures.com
"Opal Intelligence Labs, Inc.  (CIK 0002133119)",2133119,0002133119-26-000001,D,2026-05-06,,021-583068,Other Technology,500000.0,250000.0,[],,https://opal-labs.com,info@opal-labs.com
"Whisker Labs, Inc.  (CIK 0001836730)",1836730,0001836730-26-000003,D,2026-05-06,,021-583082,Other Technology,6614990.0,6614990.0,[],https://www.linkedin.com/company/whiskerlabs-tingfire,https://www.whiskerlabs.com,help@whiskerlabs.com
"Boddle Learning, Inc.  (CIK 0001946289)",1946289,0001946289-26-000007,D,2026-05-07,,021-583113,Other Technology,1300000.0,1300000.0,[],https://www.linkedin.com/company/boddle-learning,https://www.boddlelearning.com,contact@boddlelearning.com
"TEICHOS ENERGY, LLC  (CIK 0002108247)",2108247,0002108247-26-000001,D,2026-05-07,,021-583116,Other Energy,6000000.0,2376000.0,[],https://www.linkedin.com/company/teichosenergy,https://teichosenergy.com,info@teichosenergy.com
Pasha Mediterranean LLC  (CIK 0002131377),2131377,0002131377-26-000001,D,2026-05-07,,020-37067,,50000.0,,[],,https://www.pashagroup.com,about@pashanet.com
"APEXIA LABS, INC.  (CIK 0002129650)",2129650,0002129650-26-000001,D,2026-05-07,,021-583235,Other Technology,500000.0,200000.0,[],,https://apexlabs.com/,info@apexlabs.com
Miach Orthopaedics Inc.  (CIK 0001964453),1964453,0001964453-26-000001,D,2026-05-07,,021-583141,Other Health Care,6500000.0,6500000.0,[],https://www.linkedin.com/company/miachortho,http://www.miachortho.com,info@miachortho.com
Passage Inc.  (CIK 0001638343),1638343,0001638343-26-000005,D,2026-05-07,,021-583153,Other Technology,1175000.0,610000.0,[],https://www.linkedin.com/company/passageio,https://www.passage.io,
Kindra Corp  (CIK 0002016696),2016696,0002016696-26-000003,D,2026-05-07,,021-583142,Other Health Care,4000000.0,2600000.0,[],https://www.linkedin.com/company/ourkindra,http://kindra.com,hello@ourkindra.com
"Western Connecticut Orthopedic Surgical Center, LLC  (CIK 0001733942)",1733942,0001733942-26-000002,D,2026-05-07,,021-574017,Other Health Care,1809271.0,149076.0,[],,https://wcosc.org/,info@myorthoct.com
Una Software US Corp.  (CIK 0002068223),2068223,0002068223-26-000003,D,2026-05-07,,021-583196,Computers,812000.0,812000.0,[],https://www.linkedin.com/company/una-software,https://www.unasoftware.com/,info@unasoftware.com
"Physicians' Medical Center, LLC  (CIK 0001992614)",1992614,0001992614-26-000001,D,2026-05-07,,021-583230,Other Health Care,743340.0,0.0,[],,https://www.pmcmac.com,
BRUTUS GROOMING CORP.  (CIK 0002132770),2132770,0002132770-26-000001,D,2026-05-07,,020-37064,,50000.0,,[],,https://www.brutusbarbershop.com/,info@brutusbarbershop.com
ONclick Healthcare Inc  (CIK 0002131937),2131937,0002131937-26-000001,D,2026-05-07,,021-583126,Other Health Care,3178292.0,3178292.0,[],https://www.linkedin.com/company/onclick-healthcare,https://www.onclickhealth.com/,info@onclickhealth.com
"Calypso Curate, Inc.  (CIK 0002089960)",2089960,0002089960-26-000001,D,2026-05-07,,021-560228,Other Technology,,77750.0,[],https://www.linkedin.com/company/calypsocurateinc,https://calypsocurate.com,
Harvest Drone LLC  (CIK 0002133570),2133570,0002133570-26-000002,D,2026-05-07,,021-583118,Other Technology,70000.0,0.0,[],,https://www.goharvestdrone.com/,info@goharvestdrone.com
"forml, Inc.  (CIK 0002024991)",2024991,0002024991-26-000002,D,2026-05-07,,021-583246,Other Technology,3000000.0,3000000.0,[],https://www.linkedin.com/company/forml,https://forml.ai,
"Pentra Robotics, inc.  (CIK 0002134129)",2134129,0002134129-26-000001,D,2026-05-07,,021-583240,Computers,100000.0,100000.0,[],,https://pentra.co/,
"Texas Health Surgery Center Bedford, LLC  (CIK 0001706019)",1706019,0001706019-26-000001,D,2026-05-07,,021-583237,Other Health Care,210584.0,0.0,[],,https://texashealthsurgerycenterbedford.com/,
Inferal Inc.  (CIK 0001991716),1991716,0001991716-26-000004,D,2026-05-08,,021-583408,Other Technology,1000000.0,250000.0,[],https://www.linkedin.com/company/inferal,https://inferal.com,contact@inferal.com
Synaptic Era Inc.  (CIK 0002030254),2030254,0002030254-26-000003,D,2026-05-08,,021-583360,Other Technology,3000000.0,2049999.0,[],https://www.linkedin.com/company/synaptic-era,https://synaptic.build/,hello@synaptic.build
Hermetic AI Inc.  (CIK 0002133529),2133529,0002133529-26-000003,D,2026-05-08,,021-583394,Other Technology,10925000.0,10925000.0,[],https://www.linkedin.com/company/hermetic-ai,https://www.hermetic.ai/,
"ADQUICK, INC.  (CIK 0002134321)",2134321,0002134321-26-000001,D,2026-05-08,,021-583385,Other Technology,21248398.0,5248393.0,[],https://www.linkedin.com/company/adquick,https://www.adquick.com,
Alume Biosciences Inc  (CIK 0001782348),1782348,0001782348-26-000006,D,2026-05-08,,021-579251,Biotechnology,8000000.0,2160000.0,[],https://www.linkedin.com/company/alumebiosciences,https://alumebiosciences.com,
"Paira Technologies, Inc.  (CIK 0002132268)",2132268,0002132268-26-000001,D,2026-05-08,,021-583324,Other Technology,435000.0,130420.0,[],https://www.linkedin.com/company/pairanetwork,https://www.paira.org,paira.network@gmail.com
"ReservoirCo, Inc.  (CIK 0002131317)",2131317,0002131317-26-000001,D,2026-05-08,,021-583437,Other Technology,350000.0,350000.0,[],https://www.linkedin.com/company/reservoirco,https://reservoir.co,contact@reservoir.co
"Cyrus Biotechnology, Inc.  (CIK 0001641241)",1641241,0001641241-26-000001,D,2026-05-08,,021-551903,Biotechnology,3000000.0,1481812.0,[],https://www.linkedin.com/company/cyrus-biotechnology,http://cyrusbio.com,info@cyrusbio.com
Makersquare LLC  (CIK 0002133908),2133908,0002133908-26-000001,D,2026-05-08,,021-583399,Other Technology,100000.0,100000.0,[],,https://www.makersquare.com,
Anodos Labs Inc.  (CIK 0002064519),2064519,0002064519-26-000001,D,2026-05-08,,020-37072,,75000.0,,[],,https://anodos.finance/,
Tiny Miracles Prescribed Pediatric Day Center llc  (CIK 0002129362),2129362,0002129362-26-000003,D,2026-05-08,,021-583327,Other Health Care,50000.0,50000.0,[],,https://www.lmchildcare.net/contact,lmchildcarellc@yahoo.com
Hoonify Technologies Inc.  (CIK 0002023837),2023837,0002023837-26-000003,D,2026-05-08,,021-583420,Other Technology,8000000.0,5999998.0,[],https://www.linkedin.com/company/hoonify,https://www.hoonify.com/,info@hoonify.com
"SPKL,LLC  (CIK 0002100328)",2100328,0002100328-26-000001,D,2026-05-08,,021-583267,Biotechnology,,135000.0,[],,https://spklbio.com,
"Illexcor Therapeutics, Inc.  (CIK 0002132799)",2132799,0002132799-26-000001,D,2026-05-08,,021-583301,Biotechnology,69000000.0,13000000.0,[],https://www.linkedin.com/company/illexcor-therapeutics-llc,https://illexcor.com,BD@illexcor.com
Federated Biologics Inc.  (CIK 0002130284),2130284,0002130284-26-000001,D,2026-05-08,,021-583296,Biotechnology,5999997.0,5999997.0,[],,https://www.federatedbiologics.com/,
DocAide Inc  (CIK 0002133574),2133574,0002133574-26-000001,D,2026-05-08,,021-583427,Other Technology,1000000.0,0.0,[],https://ca.linkedin.com/company/docaide,https://www.docaide.ai/,info@docaide.ai
"Blyngz Luxury Technologies, Inc.  (CIK 0002132395)",2132395,0002132395-26-000001,D,2026-05-08,,021-583277,Other Technology,1000000.0,181250.0,[],https://www.linkedin.com/company/blyngz-luxury-technologies-inc,https://www.blyngz.com,info@blyngz.com
"Telepathy Center, Inc.  (CIK 0002133945)",2133945,0002133945-26-000001,D,2026-05-08,,021-583313,Other Technology,144000.0,144000.0,[],https://www.linkedin.com/company/telepathy,https://telepathy.com/,admin@telepathy.com
"Navi AI, Inc.  (CIK 0002089466)",2089466,0002089466-26-000001,D,2026-05-08,,021-583345,Other Technology,1476000.0,1476000.0,[],https://www.linkedin.com/company/joinnavi,https://www.joinnavi.com/,hello@joinnavi.com
"Renovo Concepts, Inc.  (CIK 0001741707)",1741707,0001741707-26-000002,D,2026-05-11,,021-480599,Other Health Care,8550000.0,7391541.0,[],,https://www.renovoconcepts.com,admin@renovoconcepts.com
"TheFirehouseDetroit, LLC  (CIK 0002129569)",2129569,0002129569-26-000001,D,2026-05-11,,020-37074,,100000.0,,[],https://www.linkedin.com/in/darnell-stewart-47b068128,https://thefirehousedetroit.com/,darnell@thefirehousedetroit.com
"5 Generation Bakers, LLC  (CIK 0001751259)",1751259,0001751259-26-000005,D,2026-05-11,,020-37077,,100000.0,,[],https://www.linkedin.com/company/5-generation-bakers,http://www.jennyleeswirlbread.com,scott@5generationbakers.com
"Virtuoso Surgical, Inc.  (CIK 0001742075)",1742075,0001742075-26-000004,D,2026-05-11,,021-583539,Biotechnology,10000000.0,2900000.0,[],https://www.linkedin.com/company/virtuoso-surgical-inc,http://virtuososurgical.net,surgicalrevolution@virtuososurgical.net
"DIFRATECH, INC.  (CIK 0002068715)",2068715,0002068715-26-000001,D,2026-05-11,,021-583528,Other Technology,5000000.0,105000.0,[],,https://difratech.com/,
"Hadron Energy, Inc.  (CIK 0002091991)",2091991,0002091991-26-000001,D,2026-05-11,,021-583458,Other Energy,9935500.0,9935500.0,[],https://www.linkedin.com/company/hadronenergy,https://www.hadronenergy.com,info@hadron-energy.com
Quantropi Inc.  (CIK 0002074720),2074720,0002074720-26-000002,D,2026-05-11,,021-583584,Other Technology,1250000.0,1250000.0,[],,https://www.quantropi.com/,
"Ceresti Health, Inc.  (CIK 0001748143)",1748143,0001748143-26-000001,D,2026-05-11,,021-583568,Other Health Care,9999996.0,9999996.0,[],https://www.linkedin.com/company/ceresti-health-inc.,http://www.ceresti.com,info@ceresti.com
SCOUT Space Inc.  (CIK 0001861219),1861219,0001861219-26-000006,D,2026-05-11,,021-583609,Other Technology,15671658.0,10946661.0,[],https://www.linkedin.com/company/scoutdotspace,https://www.scout.space,info@scout.space
"Evolve Medicus, Inc.  (CIK 0002127193)",2127193,0002127193-26-000001,D,2026-05-12,,021-583731,Other Technology,3000000.0,2245000.0,[],,https://www.evolvemed.org/contact-us/,info@evolvemed.org
ThriveCoin Inc.  (CIK 0002132503),2132503,0002132503-26-000006,D,2026-05-12,,021-583722,Computers,1000000.0,1000000.0,[],https://www.linkedin.com/company/thriveprotocol/,https://www.thrivecoin.com,
"Solum, Inc.  (CIK 0002129973)",2129973,0002129973-26-000001,D,2026-05-12,,021-583688,Other Technology,1075378.0,1075378.0,[],https://www.linkedin.com/company/solum-inc.,http://www.solumtech.com,info@solumtech.com
"Quantasonix Technologies, Inc.  (CIK 0002132819)",2132819,0002132819-26-000001,D,2026-05-12,,021-583729,Other Technology,2000000.0,1900000.0,[],,https://quantasonix.com/,
"Eloo, LLC  (CIK 0002134512)",2134512,0002134512-26-000001,D,2026-05-12,,021-583768,Other Technology,500000.0,340000.0,[],https://www.linkedin.com/company/eloo-ai,https://eloo.nl/,info@eloo.nl
"Axenic Health Solutions, Inc.  (CIK 0001749418)",1749418,0001749418-26-000001,D,2026-05-12,,021-583784,Biotechnology,1000000.0,175029.0,[],https://www.linkedin.com/company/axenic-health-solutions,http://www.axenichealthsolutions.com,contact@axenichealthsolutions.com
Artlocal Inc.  (CIK 0001995998),1995998,0001995998-26-000002,D,2026-05-12,,021-493876,Other Technology,,2414256.0,[],,https://www.artlocalapp.com,info@artlocalapp.com
"Classmate Playdate, Inc.  (CIK 0002021650)",2021650,0002021650-26-000002,D,2026-05-12,,021-524183,Other Technology,,141000.0,[],https://www.linkedin.com/company/classmate-playdate-inc,https://classmateplaydate.com,info@classmateplaydate.com
"THINKSTRUCT, INC.  (CIK 0002133530)",2133530,0002133530-26-000001,D,2026-05-12,,021-583747,Other Technology,1000000.0,1000000.0,[],https://www.linkedin.com/company/thinkstruct-ai,https://thinkstruct.com,
Teamblind Inc.  (CIK 0001651006),1651006,0001651006-26-000007,D,2026-05-12,,021-553257,Other Technology,1999998.0,709352.0,[],https://www.linkedin.com/company/teamblind,https://teamblind.com/,
NorthcrestCapital LTD  (CIK 0002069218),2069218,0002069218-26-000001,D,2026-05-12,,021-583656,Other Technology,5500000.0,500000.0,[],https://www.linkedin.com/company/northcrest-capital,https://www.northcrestcapital.com,info@northcrestcapital.com
"XYMOGEN, INC.  (CIK 0001461854)",1461854,0001461854-26-000004,D,2026-05-13,,021-583859,Other Health Care,4000000.0,0.0,[],https://www.linkedin.com/company/xymogen,https://www.xymogen.com/,info@xymogen.com
"Sentrimed, Inc.  (CIK 0002014313)",2014313,0002014313-26-000002,D,2026-05-13,,021-583894,Biotechnology,1000000.0,250000.0,[],https://www.linkedin.com/company/sentrimed,https://sentrimed.com/,info@sentrimed.com
Riemann Computing Inc.  (CIK 0001760855),1760855,0001760855-26-000003,D,2026-05-13,,020-37084,,50000.0,,[],,https://www.riecomp.org/,
"MigmaAI, Inc  (CIK 0002129710)",2129710,0002129710-26-000002,D,2026-05-13,,021-583926,Other Technology,330000.0,329989.0,[],https://www.linkedin.com/company/migmaai,https://migma.ai,info@migma.ai
Meli Technologies Inc  (CIK 0002134458),2134458,0002134458-26-000001,D,2026-05-13,,021-583905,Other Technology,,100000.0,[],https://www.linkedin.com/company/meely-technologies,https://meely.com,
"STUDENT FIRST, INC.  (CIK 0002134108)",2134108,0002134108-26-000003,D,2026-05-13,,021-583867,Other Technology,3500020.0,3500020.0,[],https://www.linkedin.com/company/studentfirstsis,https://www.studentfirst.com/,
Tycho AI Inc.  (CIK 0001954117),1954117,0001954117-26-000001,D,2026-05-13,,021-583889,Other Technology,8000000.0,8000000.0,[],https://www.linkedin.com/company/tycho-ai,https://www.tycho.ai,info@tycho.ai
OTTera Inc  (CIK 0001875911),1875911,0001875911-26-000003,D,2026-05-13,,021-583917,Other Technology,12000000.0,75000.0,[],https://www.linkedin.com/company/ottera-inc,http://www.ottera.tv,contact@ottera.tv
"Hedy Cyber, Inc.  (CIK 0002079929)",2079929,0002079929-26-000001,D,2026-05-13,,021-583856,Other Technology,5000000.0,850000.0,[],https://www.linkedin.com/company/hedycyber/,https://hedycyber.com/,hello@hedycyber.com
NxtStep Athletics Inc.  (CIK 0002086836),2086836,0002086836-26-000001,D,2026-05-13,,021-583842,Other Technology,300000.0,100000.0,[],,https://www.nxtstepfootball.com,nxtstepfootball@gmail.com
ROQ LLC  (CIK 0002022054),2022054,0002022054-26-000001,D,2026-05-13,,021-583899,Retailing,1606250.0,0.0,[],,https://www.roq.us,hello@roq.us
"Weston AI, Inc.  (CIK 0002134758)",2134758,0002134758-26-000001,D,2026-05-13,,021-583833,Other Technology,500000.0,50000.0,[],,https://www.westwoodai.com/,dakoytag@westwoodai.com
SiteVue AI Inc.  (CIK 0002099261),2099261,0002099261-26-000003,D,2026-05-13,,021-583826,Other Technology,7000000.0,7000000.0,[],https://www.linkedin.com/company/sitevueai,https://sitevue.ai,
Liqid Inc.  (CIK 0001620971),1620971,0001620971-26-000001,D,2026-05-14,,021-583991,Other Technology,15000000.0,8049983.0,[],https://www.linkedin.com/company/liqid-inc,http://liqid.com/,info@liqid.com
"CleanHaus, Inc.  (CIK 0002057524)",2057524,0002057524-26-000003,D,2026-05-14,,021-538953,Other Technology,1781000.0,1531000.0,[],,https://www.cleanhaus.net,info@cleanhaus.net
Paxos Medical Inc.  (CIK 0002131237),2131237,0002131237-26-000002,D,2026-05-14,,021-583960,Other Health Care,5100000.0,2073000.0,[],,https://www.pax-medical.com,info@pax-medical.com
Squad Technologies LLC  (CIK 0001887456),1887456,0001887456-26-000003,D,2026-05-14,,021-416451,Other Technology,8000000.0,6092000.0,[],https://www.linkedin.com/company/squad-technologies-pvt-ltd,https://www.squadtechnologies.com/,
NovaData Solutions Inc.  (CIK 0001942528),1942528,0001942528-26-000003,D,2026-05-14,,021-584010,Other Technology,3465000.0,1694691.0,[],https://www.linkedin.com/company/novadata-solutions-llc,https://novadata-solutions.com/,support@novadata-solutions.com
"EtiraRX, Inc.  (CIK 0001996442)",1996442,0001996442-26-000002,D,2026-05-14,,021-583961,Biotechnology,3000003.0,2277533.0,[],https://www.linkedin.com/company/etirarx,https://www.etirarx.com,contact@etirarx.com
"Track Group, Inc.  (TRCK)  (CIK 0001045942)",1045942,0001045942-26-000002,D,2026-05-14,,021-584071,Other Technology,10315000.0,10315000.0,[],https://www.linkedin.com/company/track-group,https://trackgrp.com,info@trackgrp.com
NeuroMuse Inc.  (CIK 0002112535),2112535,0002112535-26-000002,D,2026-05-14,,021-574379,Other Technology,250000.0,110000.0,[],,https://www.neuromics.com/,pshuster@neuromics.com
"Solius Labs, Inc.  (CIK 0001537914)",1537914,0001537914-26-000003,D,2026-05-14,,021-584059,Other Health Care,17911021.0,3500000.0,[],https://www.linkedin.com/company/solius,http://www.solius.com,info@solius.com
"Gaius Therapeutics, Inc,  (CIK 0002132841)",2132841,0002132841-26-000002,D,2026-05-14,,021-583983,Biotechnology,250000.0,60000.0,[],,https://gaius.bio/,joe@gaius.bio
"Super League Enterprise, Inc.  (SLE)  (CIK 0001621672)",1621672,0001621672-26-000002,D,2026-05-14,,021-584033,Other Technology,5142846.0,4313058.0,[],https://www.linkedin.com/company/superleagueenterprise,https://www.superleague.com,contactus@superleague.com
"Prism Layer AI, Inc.  (CIK 0002133683)",2133683,0002133683-26-000001,D,2026-05-15,,021-584292,Other Technology,1000000.0,1000000.0,[],https://www.linkedin.com/company/prism-layer,https://prismlayer.net/,contact@prismlayer.io
"Shortcut Mobile, Inc.  (CIK 0002135306)",2135306,0002135306-26-000001,D,2026-05-15,,021-584276,Other Technology,,100000.0,[],https://www.linkedin.com/company/shortcutmobile,https://www.getshortcut.co,hello@getshortcut.co
Solinas Technologies Inc.  (CIK 0002027826),2027826,0002027826-26-000004,D,2026-05-15,,021-584280,Other Technology,72859.0,72859.0,[],https://ca.linkedin.com/company/solinas-technologies,https://solinastechnologies.com,info@solinastechnologies.com
"Data Management & Compliance, Inc. DBA Warchest  (CIK 0002134306)",2134306,0002134306-26-000001,D,2026-05-15,,021-584169,Computers,3500000.0,2203000.0,[],,https://www.dmcapp.com/,info@dmcapp.com
"Scope Anesthesia of North Carolina, PLLC  (CIK 0002005209)",2005209,0002005209-26-000003,D,2026-05-15,,021-584146,Other Health Care,77270.0,77270.0,[],https://www.linkedin.com/company/scopeanesthesianc,https://scopeanesthesia.com,HR@scopeanesthesia.com
"GENI COMPUTERS, INC.  (CIK 0002135268)",2135268,0002135268-26-000001,D,2026-05-15,,021-584251,Other Technology,2000000.0,1840000.0,[],https://www.linkedin.com/company/playgeni,https://www.playgeni.com,
"MedZero, Inc.  (CIK 0001854430)",1854430,0001854430-26-000001,D,2026-05-15,,021-394258,Other Technology,4500000.0,3905000.0,[],https://www.linkedin.com/company/medzero,https://www.medzero.com,info@medzero.com
"Bayesline, Inc.  (CIK 0002133628)",2133628,0002133628-26-000001,D,2026-05-15,,021-584216,Other Technology,6194999.0,5785478.0,[],https://www.linkedin.com/company/bayesline,https://bayesline.com,
"MapperHealth, LLC  (CIK 0001942430)",1942430,0001942430-26-000004,D,2026-05-15,,021-455715,Other Health Care,9950000.0,8200000.0,[],https://www.linkedin.com/company/mapperhealth,http://rxmapper.com/,
Graton Station  (CIK 0002099701),2099701,0002099701-26-000002,D,2026-05-15,,020-37090,,50000.0,,[],,https://www.graton.org,gcsd@sonic.net
"ForGood Technologies, LLC  (CIK 0002134884)",2134884,0002134884-26-000001,D,2026-05-15,,021-584177,Other Technology,1500000.0,0.0,[],https://www.linkedin.com/company/forgoodglobal,http://www.forgoodglobal.com,
Kin Denver DVM Group LLC  (CIK 0002115693),2115693,0002115693-26-000001,D,2026-05-15,,021-584208,Other Health Care,,625000.0,[],https://www.linkedin.com/company/kin-veterinary-emergency-and-specialty-center,https://kin.vet,careers@kin.vet
"Auxilium Health, Inc.  (CIK 0002135544)",2135544,0002135544-26-000002,D,2026-05-15,,021-584283,Biotechnology,4000000.0,3000000.0,[],https://www.linkedin.com/company/auxilium-health-inc,https://www.auxiliumhealth.xyz/,info@auxiliumhealth.xyz